temperature,pressure,vibration
26.4901424590337,1.3399355436586002,0.2662410862512809
24.585207096486446,1.2924633682912767,0.2927740664642241
26.94306561430208,1.2059630369920173,0.2603790039500019
29.569089569224076,1.1353063222294426,0.284601923518048
24.29753987582999,1.269822331361359,0.2053192666523107
24.29758912915246,1.239348538542175,0.31066468536864694
29.737638446522176,1.2895193220027732,0.3000602737681112
27.302304187458727,1.2635171801681968,0.2591455684465904
23.591576842195146,1.3049552715319335,0.33296228342162026
26.627680130757895,1.1464764788439432,0.34687850688132793
23.609746921562614,1.3317394065634325,0.21962200678155128
23.60281073928923,1.21975996046924,0.2618637610716893
25.725886814698104,1.4075260872625266,0.26154288251063507
19.260159266026605,1.1310812181910432,0.2530048449445568
19.8252465024609,1.373596380316525,0.34147374209658743
23.313137412277083,1.2197910783462647,0.2903086930613598
21.961506638996728,1.1348581996385552,0.2867742579344694
25.94274199778582,1.151611416594568,0.19980688177966233
22.27592777343637,1.167965269180568,0.3317709015104613
20.763088895994127,1.2424165946401915,0.23803708025732637
29.39694630676466,1.25228354880355,0.3029966315133164
24.322671098540393,1.142629999606142,0.31386884689790956
25.20258461406377,1.1975645407739017,0.36803292979193253
20.72575544135963,1.4142270358611864,0.23455898004404438
23.36685182642445,1.3727543170100711,0.14902439220895872
25.3327677691296,1.2436323669674032,0.3091924772376847
21.54701926773309,1.20380034781682,0.3900255590755427
26.127094055037016,1.2120031326718261,0.36194731764697186
23.198083930243584,1.2613517972730417,0.31048297076373127
24.124918750620168,1.0977207434801595,0.2754181907183976
23.194880163311808,1.1742623462576653,0.34035612983186553
30.556834553526812,1.033141592612241,0.2513226900147766
24.9595083257862,1.2399223122605278,0.32381788846781095
21.8268672131323,1.264719593970274,0.3252735079583313
27.467634736309567,1.1516813537700625,0.353010495374944
21.337469050086934,1.3573986763290034,0.43798300194555384
25.626590785014265,1.077423433699766,0.31962079835893836
19.120989628360675,1.053562511979018,0.27455181871462503
21.015441853304708,1.2224451818559972,0.29872128439040024
25.590583707607372,1.3047098302612155,0.2115462047555441
55.43127940985526,2.7270124813464496,2.497988606972876
25.51410484356991,1.154111573713106,0.27953587809434477
24.65305515283528,1.3078680833431295,0.2737955801032704
24.096688913232132,1.1961491530499293,0.3076177436016861
20.56443402889772,1.182737270005918,0.25887900338089
22.840467374815873,1.2883659937486671,0.3560515333662236
23.618083687120638,1.265232287841342,0.30001035324590986
28.171366678656746,1.042360784301575,0.29953498394306927
26.030854868705383,1.3476540349725896,0.2836052641743541
19.7108795339118,1.3380091354147452,0.30775953419294894
25.972251908184386,1.137443729849047,0.34125491323338175
23.84475315875105,1.2395803533437408,0.25664348921445496
22.969233999082125,1.2494030186282739,0.26709417554623716
26.835028866522602,1.2260673765823906,0.2848136985611668
28.092998567487854,1.1449694846154579,0.23270645382633925
27.793840357348596,1.1328376632061947,0.2590371070139251
22.482347430332084,2.1879604949628657,0.276188956322767
24.072362872446355,1.3172729019259364,0.3437194590356364
25.99379029421069,1.2543600154594432,0.3131280664500962
27.926635381367078,1.1629385667913894,0.3096794955683772
53.33183495160294,2.2795416177310432,1.6418150629804966
59.28252384168292,2.0730654938427815,2.1932186716715885
21.680995077981915,1.3148765700372103,0.3195232424964445
21.411380127757987,1.02602862212219,0.29483891235337517
27.437577467182592,1.1637559058596867,0.3132681174699814
29.06872008571247,1.0880330105373857,0.2708620671194209
24.783969635258998,1.0705318524279095,0.1780591420861785
28.010598693676073,1.316082678737852,0.2932860418906848
26.084908075142902,1.1532298798688108,0.371137406804997
23.06464073618463,1.2346503881730715,0.3463107701120796
26.084186816525243,1.1953079421120816,0.3482698742295585
29.614109699397908,1.247704082722312,0.3618065360903109
24.892521882670145,1.2076821891060254,0.30443287954807186
29.693930967442018,1.071700777581143,0.30986578537027976
17.140764687730766,1.299626681944714,0.2691174052282825
27.465707513125672,1.1506243416838686,0.2841963571986475
25.261141204714512,1.044341810134025,0.33078855748855707
24.102977948602398,1.1571884839034088,0.3601942218584408
25.275282329606508,1.3500759790634311,0.29302768621595
19.037293256197323,1.2850221742113492,0.2774905367574294
52.52428098561032,2.534877101209016,1.3503629021151158
26.07133771453524,1.165074229568157,0.33006033744645574
29.433682134224547,1.1678364948782618,0.2278072591933229
23.44518934517906,1.407674798356084,0.1851909523431381
22.574519191320437,1.2381935452231554,0.2724731575254208
23.49472886924639,1.243004164719107,0.23896437870429205
27.746206353106224,1.3030283454031841,0.27459299011763444
25.986253328979053,1.2238789159026513,0.2926109840591264
23.410719388698883,1.1740957854179297,0.2773375795488493
26.539802299340067,1.1803650150915022,0.3726233767235373
25.291232648044122,2.6588963056572212,0.316337238230116
27.90593497159867,1.1962777763490158,0.3150237179805414
22.893840718367944,1.272762954363698,0.3311103572021701
24.017013560206696,1.2051945885807298,0.24305834411096153
23.823675540603528,1.2732640077215578,0.35195558937101346
20.609455155603644,1.1919283419891418,0.296211785673227
25.88836083119373,1.207863519031609,0.3335240308620606
25.783165816539668,1.0001799315467892,0.24640713834799222
25.015340369927383,1.2916327674702481,0.22231206169919676
24.29623859987456,1.2346488475897992,1.4664078849670716
20.753887773848756,1.2998010109859652,0.3188204763048758
23.738064031703924,0.910374462180631,0.2548974222821245
23.971856450419693,1.4088374704780726,0.2565168459362653
22.593168192335142,1.1860410371844825,0.35627173922073846
47.57178335972446,1.3108182816737517,0.24052940535663359
26.212152570443614,1.096009407287447,0.38213364766279817
30.65855770363159,1.2612773905062569,0.25496896326760654
25.523733438495515,1.0946584436826343,0.3319195962804191
25.772651172168292,1.1376231039304194,0.2835690762125508
24.7766622527015,1.3914031353866787,0.3301593715541171
19.243686354102877,1.1809317599236653,0.2727942998942904
24.920458373652348,1.2217432873179723,0.29186035469638527
25.18069062982308,1.2870067730688755,0.30204595876978607
32.389726337455855,1.2495681887972605,0.24989062721092636
24.422917105656634,1.2150418905143576,0.3370412172710063
25.904642027000836,1.2364961002466226,0.2743393216764207
24.89586469088427,1.4403415585238275,0.28857000423299906
21.493965887141403,1.1942381202966414,0.2502825312695744
28.42846844354506,1.2201099046714967,0.17188331706023446
27.255799098060322,2.4847993715298315,0.29044861186999155
27.373095841129143,1.3105525932957984,0.4206307710806458
22.271837635615782,1.3187030305560379,0.3392302143949012
29.2083829328083,1.2638730222029184,0.29903698101328025
20.794446811623157,1.0856995087269516,0.2868554585395866
26.76057128140081,1.3633431532301095,0.30112329464060233
56.83256650622059,1.0853654606981311,0.3273559557587605
22.028391024607934,1.2302635465239034,0.24095935923455775
23.301106811191683,1.124572414998064,0.3557160847334436
25.298954095262925,1.1935861653407007,0.33576906577206217
23.489573037651404,1.232876241030348,0.33590928628539674
20.3480097068016,1.2321357215450273,0.32192378694048635
25.205688924418084,1.2421920754235285,0.30098083288469946
21.813088858821686,1.3613711269058646,0.33364306179834097
26.420777291905544,1.245353430151398,0.3295907066870689
22.241727297298592,1.175584336470935,0.2822979644529488
29.649803215052618,1.2964087168288356,0.27131991135515493
22.65024012299129,1.318947048892464,0.30509281476309935
24.033815451382974,1.0772392184863007,0.37745100757475936
27.440551652109008,1.2597400069849858,0.23804464621730495
21.307407050698135,1.2701172742310898,0.22662373671237798
25.68237980381239,1.1702436496640007,0.3082380420618258
28.921428262847286,1.3375706813311619,0.3025443850928009
20.17755029631632,2.190391468026283,0.3086670832185204
25.553901575596914,1.2125576453471543,0.31219765989542503
25.779648382745272,1.182692817571613,0.2888398872682597
27.34546861533193,1.2015579047581466,0.3744931719301041
21.289147867365756,1.0903724913104798,0.2199548010761742
21.03863016074717,1.0559949117405705,0.2585751487609877
26.565824696850694,1.359450506322497,0.2948372619925476
25.890954019699556,1.1153038651681673,0.21784055944229164
25.75147855103763,2.333472040140009,0.29120727977839644
26.039344628490927,0.9846609886396285,0.3830735082864009
56.56066739245123,2.0569862565917165,1.8512189759193103
25.696761091483012,1.06769102065925,0.3115350452859342
25.879217419896044,1.364201516013637,0.236991761741371
22.856945745920896,1.3009817089342635,0.2691819295980261
30.59732353343427,1.1311849654822277,0.28124018098380316
26.42149876273536,1.4252435805344308,0.2841142451621883
21.426089508392053,1.2981765486991594,0.3640821897501884
26.96966082590149,1.1675168616491378,0.3278845530362562
22.075954989318035,0.9500594285126427,0.2444271021531484
27.361253811227357,1.4290942572590741,0.31232523892160025
28.47578673702221,1.0610427533236404,0.32491108742483926
22.537953044944867,1.0354601253043108,0.3570074519260633
27.890128387732965,1.302257043200964,0.37902703432841867
26.238342780809496,1.4439752406339272,0.24924529040860655
27.46618047998347,1.3384272818510519,0.2594571244394831
30.690378947961843,1.256390912005236,0.23712110705426917
24.26383565199139,1.2594754341665286,0.28829900704465095
22.73879150692753,1.2853415558780308,0.32331791872231674
22.33145671112343,1.2758928589786764,0.3493667258294551
22.552569145103686,1.2281191423969375,0.29620244881787383
24.76869487175769,1.2104201103951875,0.2840076238372578
26.02345592444993,1.1937406872100478,0.307587899612437
25.830072397990058,1.1246035411133324,0.25824285491849885
27.481549747108073,1.1719324923133225,0.40447693608473867
25.03900567563372,1.0307043185804614,0.21961694864409703
29.36060223147195,1.190166037320525,0.3092370289447862
24.20602950028613,1.1011408892849082,0.401180310961482
33.160507499768855,1.0896410682784228,0.3003399922279999
26.87700204329502,1.2179894151153479,0.29049804824992526
22.42852733075115,1.33920022863446,0.2821277288594786
21.78732250581666,1.2918316606002314,0.2909804159118796
26.447417245729557,1.0429499396376822,0.3686424237338265
24.329611644022446,1.1010371863429662,0.18940690443352465
27.142001482276275,1.2940771187988216,0.3766716850648163
26.419712873720634,1.101751260646169,0.22880214237749275
24.78151326202938,1.1775366850002975,0.28666738353827925
22.459618845794786,1.2550052099024551,0.2785377789850669
20.455458325942406,1.1031655545136365,0.32942766348853597
23.660455143798938,1.210537550614596,0.22009378240581262
27.569196382970418,1.0665974505081794,0.3231086333040971
25.642281232390612,1.1398632356048786,0.40121548116434264
21.262783663864035,1.2319781934142537,0.23184129977035944
25.519542777553546,1.040700626646833,0.3094853083805198
26.15595213918651,1.2440474737960399,0.2669008911101695
22.3484276913966,1.1980362201073318,0.32129436030965175
25.461175317836584,1.2552489954417148,0.3009573888707876
25.174626155338,1.2223914134064662,0.2679256545477845
21.571089106508133,1.3364140429973843,0.3243936142435537
26.07336208104485,1.2125224502647907,0.39021740548933714
26.682353579104703,1.1570594458874746,0.2904548104136351
28.24915372952583,1.2122297503032284,0.33598789710740906
28.16140615610471,1.2543298029036387,0.2353363521064418
20.866991896128727,1.2048860070325704,0.25217818115909957
22.18652488025463,1.2040591691203881,0.32362031389401885
26.54510580162598,1.1298008312193244,0.37420580142679827
26.541357852736628,1.1337099082449051,0.317780667439283
26.545143058918143,1.0597394728200307,0.28434709847384226
36.558194471964164,1.374957674318694,0.2999645702711677
26.7126715320795,1.0756136764608715,0.23747961330151413
28.406696920541798,1.1307094802204092,0.33022576631776834
27.86200529047961,1.1281592734430803,0.34411665311617046
26.954173753917395,1.289492437694444,0.27739548335834596
24.054192266078964,1.1705050321707973,0.2764978926120249
27.276907661479804,1.3247742072673734,0.31329391148260244
22.681524356387285,1.132650937575613,0.27816401319797024
24.289544179779973,1.2278994162223802,0.2966933692687089
23.54390935651269,1.1164652946740241,0.40498608945832576
25.245622418158966,1.4145149127773389,0.28764871496270017
31.943975700020527,1.0812401580970488,0.28208299239893886
19.398204422224758,1.2309820710227026,0.26762290971824204
27.058780571123542,1.2633776880932097,0.3372095985749968
20.161852386431043,1.2413799097451497,0.29093879133909484
23.5842044026317,1.181471234112229,0.2675313480839287
28.2668517909021,1.1870179300266572,0.3660652016136506
25.19284005728639,1.204381147197911,0.37098015022568187
21.76676566621208,1.185299799837151,0.26997882171306475
22.854088872220096,1.296387911679491,0.20667300243196918
27.038793246804026,1.421052300159135,0.3503756844918461
22.80890010484859,1.1442508214992166,0.2657685087119998
25.649375768745923,1.0630197020420922,0.3395312799581384
25.13671551971144,1.1911717951648744,0.2014948091144082
23.04519895718255,1.4579709337654319,0.34462986691496544
31.431832267975977,1.119632543203027,0.23944140353596094
26.901757066954033,1.3639116805444067,0.33653820595332623
18.924572240027178,1.3677700814076441,0.3007136533918217
25.559362944308283,1.1446411758292006,0.25230302903016777
23.014640605694836,1.2568983079185274,0.27964818435366096
27.557300004388672,1.3628396623128538,0.334315922847835
22.622437784701898,1.1620872259012511,0.3052947226557617
24.655790675599302,1.1796419639897637,0.3292206490236242
26.51496183694137,1.1418319086051356,0.39882202922577425
27.597265582510364,1.0985243269307132,0.22178791941444742
21.39911077883267,1.1350722454933992,0.3808606287484312
23.996496292477154,1.0776059733237744,0.30521779687616063
23.575164066517132,1.2034083468259225,0.2550607975838436
23.040012302278864,1.1230026768941357,0.23348431871305048
30.29636272084329,1.2233785911790747,0.2905439804611483
26.214945132882868,1.0444104353796373,0.34608250559622294
21.217348136994865,1.2330880232214456,0.29362254398112325
27.753585841164327,1.2833528961608924,0.3755577465123674
31.3664685910379,1.0006264357428545,0.22744121549742202
28.09739578165344,1.2374056569847571,0.29939555260769724
20.44189010213796,1.3227668992473292,0.23738032777934404
23.547297781401245,1.0790358981308794,0.31818159413124836
28.800733447559868,1.3672572386837702,0.344344369504865
22.876991603143658,1.2419019009366046,0.2789619103159473
26.331458284438686,1.1294988144241591,0.16978930716864327
27.32390216028801,1.1944230922342294,0.30994740733982473
22.21920858526575,1.2558326912521722,0.3218369275866755
24.8214239318146,1.2076005391412412,0.32021473774808484
15.276197979792782,1.2538755992446369,0.3617891095911077
21.92683707599713,1.1079326406920633,0.24644731601754755
24.242295545820518,1.2169360824036077,0.33401080527252247
21.25665045410545,1.0586285503095019,1.3134333719259543
29.897233911794906,1.18887739386513,0.21107062079967415
20.7095758661181,1.109609235853521,0.31598259129594886
23.67986653990905,1.1264470057410234,0.2747910084496164
25.392221731858275,1.3236093175210437,0.2959238663449177
29.323819867198345,1.3091310120594268,0.3173838241769168
20.69241354646168,1.2609138120907177,0.2756385717943224
28.48949125646488,1.0907687235327421,0.2662145960419194
25.03069918305876,1.1683591550305197,0.30170762087440123
22.055474046856148,1.3213097699979184,0.24563770305685986
26.386310422789812,1.2141716913639904,0.2457087435557407
25.59717908672041,1.4319329539981693,0.33396866414782517
23.199349368523617,1.239331783939437,0.24256029824206718
25.209406254970055,1.2192049116490031,0.3333156250454606
23.84405920941472,1.1690883535797498,0.32312956464269754
25.340552035753745,1.2133540904782283,0.21370966356047016
26.98639202356314,1.1847530163619455,0.26612176738321724
29.758050448436055,1.270810867668859,0.35970547015236864
21.286553503519453,1.2956702316794584,0.2509417234430159
31.3991001239688,1.121401053949205,0.2767797868845306
19.143736601432494,1.0668767046442222,0.3231030446625948
24.54464471489325,1.0163794626896703,0.33916952546412976
26.76495161945373,1.2507991326912544,0.2874230556977752
25.842975603205097,1.0896633393826125,0.2701244902654179
23.13190144053822,0.9847109407047516,0.3711184930849254
24.375633248928175,1.2388578604530964,0.3869449831898789
23.5209971960235,1.449299951743279,0.34894290253908977
23.231905729167366,1.1993929088460107,0.3042659071282512
27.548806291063073,1.283849077445164,0.2595867139179537
52.42207452807148,1.2081829358547564,0.2584777796721717
22.921271214218038,1.1901110346808856,0.3261257052632879
27.698799626299753,1.2919076482987768,0.3209199110444342
25.921898562629828,1.1709725455811348,0.37007992964732145
27.43858635651688,1.2267392314071903,0.33252250462680694
26.888886525770836,1.2321697806196013,0.22484598491200908
48.235961298215464,2.285272114974897,1.3961813549554787
23.319456879409092,1.2992042349536523,0.2500969686342793
27.241880815369786,1.1825040243304592,0.2808014364023824
26.831110796300393,1.1244254840507155,0.31251001031258474
24.937295218107554,1.2536509843570403,0.3997833744891982
25.351982149926346,1.1101532018208962,0.45549592780026804
28.832994687365275,1.2028181157369129,0.3303361529568091
23.22528583349251,1.1990881003355796,0.2908401690639806
26.641292143510114,1.3085895565831578,0.3267252824240275
24.39342204269832,1.2474698232879953,0.34438277129369177
24.34695639031834,1.1974973041254855,0.2839666187221404
28.29633055596157,1.2817766299200286,0.3897605677956161
27.47624904696409,1.3390207549017312,0.3115035379595701
27.440528908001916,1.2557810306351862,0.3248871544545697
28.916436421462986,1.201035261984338,0.3332962126027231
25.063011524898275,1.068816376764984,0.3210793305307228
27.045858913884892,1.0934886336924627,0.3419470250234806
55.81696144749052,1.1694775295645332,0.2691373406726538
25.972499057465328,1.1390487797840716,0.2720849123026985
24.609570836896946,1.1813028697014554,0.24499228835141523
25.290987894978155,1.2056649924897107,0.3219750615310113
26.785471076310742,1.252969275435673,0.3389468251756057
22.545337950299583,1.1929501221940908,0.32288864330759426
31.277161827056382,1.2486501643826202,0.38372462166737686
21.981947855500895,1.206447441481012,0.2997201990585477
21.357434161636803,1.0024533433646128,0.33343708277962564
28.474332620500203,1.1060664606181245,0.24541495619303427
27.37498808188881,1.1855912444278385,0.2806450148762799
26.872359451156466,1.0790305257158892,0.33477688787828885
46.31592752761304,1.2599928729996204,0.3424551055371572
24.963259681459256,1.3530750832343696,0.28530165261679086
22.308236885542506,1.3218761851697316,0.29642003740709666
25.22741367458118,1.1786557129069792,0.2241063126659595
22.968514865463664,1.349072613684995,0.28214853995966954
27.925359200253254,1.2148667457202111,0.3445191581759893
24.558827855493583,1.166291402888196,0.3287602508053283
22.523508409622465,1.138659733645906,0.32503328606906046
24.03584247504102,1.169753031351187,0.30248868435904797
26.238794362826873,1.1611823181458771,0.3003531579314088
23.308826341588077,1.2170416222375486,0.26698394302632766
22.533338813300706,1.2160573981049865,0.33494142101012675
25.731061634475736,1.2003046020153414,0.32104864721946946
25.73489971332617,1.243693816974635,0.32460094239963994
23.47917047388661,1.3190646274786342,0.27369825786662094
23.58688508314503,1.2949554135441323,0.19233285400643776
25.69614981207291,1.0515102031550096,0.3548576355876848
20.655746975508027,2.500823829205235,0.2760581271995798
20.777608676870337,1.2934319911239274,0.25686121179784394
22.844667336242694,1.0633121301584578,0.3346739455956997
24.35965854486446,1.1775234598107316,0.2803993680040435
25.932722696794013,1.0829886973940641,0.35299681920233106
29.426068650848656,1.019801956241998,0.3308502974788349
27.572978869606057,1.2541462728204789,0.3341784661600239
24.520184410109717,1.2759155160302647,0.23170221443997327
24.942951376291933,1.142348959927328,0.36059719926932
21.992411906086573,0.940895770785509,0.3130625265616928
24.944460592022832,1.1453755551747518,0.2815361430376898
24.134024083239584,1.2391804005402547,0.30716942336711256
25.968155681014267,1.0521088431225871,0.211188238355084
22.518307169343032,1.2183359919779155,0.32043264057403353
26.558039542723517,1.1984690150827004,0.24853142459089642
29.598216739007732,1.2579291499601088,0.23236648570782326
24.67371955462943,1.2119580368414153,0.22388204068910544
26.205135166296824,1.1026931059118443,0.35563441874949625
27.07043197513334,1.3196571501664491,0.2685368303153606
23.796338584342493,1.1841470426973029,0.37668638549582495
25.67227744543125,1.1972695460490068,0.2732099268473851
25.037777202345385,1.1066732040926803,0.21463210212035266
25.293028295646494,1.155671774880849,0.24417377800256704
22.6809706484336,1.11151972859731,0.36179058100034694
25.073530522776828,1.1827053940076577,0.2922050911031666
26.493994873736348,1.3711708480142344,0.27258563517546996
29.353430823385125,1.0628098857068644,0.3080009112926394
27.87781247825562,1.0386438602123258,0.32508913680837725
31.45954737253467,1.347117032749361,0.355869940795123
22.697957311335852,1.1790676322848133,0.3724249614946463
27.616961910162033,1.1330927261340082,0.2820115677105457
25.550026017215057,1.3039904687396076,0.2336976156958981
31.56940879965302,1.1394384460263136,0.27932674194383617
22.575105143934547,1.3826009713546936,0.3130140253291443
22.480834473457673,1.2677925871339268,0.25181205368946946
23.201822063667933,1.1512088591854297,0.25214245425524784
18.62831282707058,1.4157308213265503,0.31718939407749425
23.422734934957717,1.1394285076996662,0.29756738242147746
22.722602015338907,1.2742095372009306,0.30163984977057934
25.451181359428624,1.2299292580406491,0.2620752332649965
26.025267927331477,1.3301741289398799,0.2884799642897116
30.628512517647657,1.3561511196726852,0.2537883427865848
27.85127151455815,1.2032004149065767,0.3445099205562393
23.26928903301279,1.1246582129653815,0.3517624667361876
22.304755985954927,1.2459972142939115,0.2076906068880953
26.47575751451952,2.6622094008404993,0.2535244569903795
21.039300378938073,1.4013387247526623,0.22517353724549605
30.49437629756306,1.2136535331082736,0.2674988032796551
28.538320362163862,1.1634678448687892,0.29582810151048194
23.592473043685885,1.2184680305864908,0.2275177390150735
19.860596412727368,1.0652873710470303,0.25390700934373434
29.061617122496237,1.1028385961489349,0.24980213139592505
24.656380464242147,1.3200413907944424,0.31036336646994717
28.713448935920386,1.1343105721028603,0.3034672168518125
20.216717023616898,1.095308901731806,0.26391312233313735
23.201874931138683,1.2536652752527286,0.3088410436069699
25.01573109915455,1.3185704154662996,0.2726659957706367
25.140941781294227,1.2718953310665067,0.2864172444836973
23.649803585562267,1.2996047685805816,0.38367260451492685
26.868549797042498,1.1243204911430538,0.3670230525895174
21.797138711852217,1.0578189333258157,0.2350209381536201
24.57286154493612,1.3501333651955487,0.3414866208939587
25.360886895135696,1.1677320161157865,0.3405698277245796
26.543316502176246,1.1749166983544952,0.24258683556236907
27.13484463426667,1.3328194141849057,0.34093888218774304
21.626073724486393,1.255623000940066,0.37689659592062763
20.397657487793133,1.2455887772081606,0.2438727596877793
28.83303046569553,1.4165002344901083,0.2541248589492868
25.996942035938776,1.1356481769619857,0.3508830733421751
22.75454039033034,1.2927840128081236,0.3135747655412824
29.653455926567567,1.2057013124897085,0.32757381376197614
25.347023902878576,1.2268592278863257,0.3170294608200248
28.53789155219148,1.3528468426412532,0.3195347960464072
25.202555444230327,1.2507835756289623,0.23367639358444584
31.18224377464596,1.2538296079049633,0.3523658853310724
30.266022527329614,2.70635518469079,0.3584794996213887
24.253107554562778,1.1635047270457115,0.2885304627965986
27.914712852863065,1.1160790332660993,0.2978261525093069
26.936127848755444,1.0955190805978967,0.2234446248722139
29.105894672597046,1.0033643410623998,0.3257127378008917
22.105229618259685,1.4056207129940321,0.3286028720857072
27.05815437999532,1.0896791634278316,0.29689044915003443
28.175273460548762,1.1778746376414229,0.3562176679935251
19.723781540730656,1.172318670011108,0.283296138451003
21.450224462002673,1.23074066978091,0.32823029629468
18.882303466719698,1.2815737212539295,0.2490167830653942
24.191779496666328,1.2860473488359745,0.29882239245628806
27.152626767387886,1.1416922561431062,0.2912822871048582
29.507071156288085,1.1832878286213588,0.31126539610204706
25.222284341259325,1.22825799504883,0.2815236535583321
29.885846636713875,1.1751308873816453,0.2934263702164166
20.859695625355325,1.3607345576019991,0.3413023585720753
19.889852681934535,1.2490974951638252,0.2781617881380891
24.833356903310143,1.2734877786049816,0.219671144963066
26.152196346817924,1.2662881268667412,0.387479195210271
24.90191575571772,1.3173473857485325,0.3690727039345243
18.79767369988037,1.2181021558703706,0.23538686524471905
24.732639881461633,1.0703168052044152,0.3344853902622597
21.08659149848544,1.239968795175264,0.27485126147243283
50.78706282489838,1.134864310620817,0.313174360766553
26.099794738290544,1.1471383318250243,0.3147112064506747
22.180360641017934,1.2586364018755092,0.2882796099841839
23.45839924798992,1.3238283071433634,0.26081171672068015
21.822359434333144,1.2021271576736061,0.26547294738418703
24.811962708180484,1.2308833012598963,0.25419040422593786
27.865426961503715,1.3702214944635238,0.25840888958847774
22.04282186099337,1.2240753179488568,0.2966410854975322
26.512139546553534,1.4601683114180395,0.2642120005444624
23.409227144882678,1.2565509645631543,0.33410260328563096
22.621381503212966,1.0239237240844181,0.37436230776679635
24.678908920136326,1.2753341621104533,0.27099733793149783
21.89427303274188,1.2381158384882778,0.31197022502676885
23.339052083958453,1.3289752754082744,0.3249842555151467
21.406366322233453,1.2673181351269958,0.3236001135459637
30.89417539874917,1.1861544016016226,0.30379776339580433
25.105790655915186,1.0775701763710634,0.3371341209179861
22.900823476022243,1.1790976742713974,0.32411244763403285
25.641939732202665,1.11494795457907,0.23811687888363509
24.66301585092751,1.1419476550195278,0.3434578032194636
24.33709120140033,1.258857840442061,0.3443645418633371
26.842500100130277,1.3669904504351407,0.26183569479107094
27.272523130141916,1.239467152982298,0.3018968917723801
52.252948857426276,2.938791532659516,1.3071586350934354
23.27254527806596,1.244460266822014,0.2895343090210319
24.17484490854507,1.3196631486645651,0.3536489023883006
18.094236505793248,1.1390217095680617,0.41819362473096805
20.454426813404343,1.1865982833327082,0.2607006983682509
29.100622802333575,1.2014688194729197,0.23094776984231125
29.93490314050385,1.1215101686917759,0.31519092978024377
24.252891881330864,1.264828043384386,0.33607812525630715
26.7296708891673,1.1879051851392217,0.28845668130776153
25.93375046363061,1.2419532443907026,0.3726630331660517
34.236642425365716,1.11125078221979,0.23306971001383753
28.35872473430373,1.156254169967659,0.33464593115158053
24.6162472255577,1.272238135782777,0.2697069589620553
22.133378678198724,1.1627166847908232,0.3859688953103648
20.18066103922728,1.3726963851233405,0.3996257676584059
25.61039090760167,1.1600363814385397,0.2616671706108326
22.73094776414709,1.2224684725751886,0.27252214320457097
20.73323887120698,1.293259083187309,0.3429793943489901
23.060281347272422,1.0581634267066968,0.28064346751052427
21.755355989156815,1.0239191188019223,0.29772943910338806
30.061424905217695,1.0474343685429905,0.3012694210271205
27.64491927084835,1.3262584103427182,0.20401634219011716
24.976082076050147,1.1448141854107552,0.2993081126952881
29.43983241667008,1.4558199285668252,0.2655136112967913
25.232104922942856,1.1435752401342612,0.2753438588800114
22.41614739601521,1.2184551303197038,0.3721816001734407
29.56937223180897,1.3542109952567876,0.23717465528603715
26.616730131053977,1.4006092888159123,0.34066025933739885
21.888261537020632,1.4061503576636398,0.28605185348340956
24.428983965749175,1.3208366230593143,0.2860119915752083
22.373145239845726,1.3024062525811462,0.33951859480258556
20.85160080710699,1.2592526949201184,0.3170025647284445
27.778532642594925,1.2778361076166638,0.3285306498609765
30.72824992141039,1.1448814283671467,1.4305152910325352
20.804297278542577,1.1181801116577692,0.28343458084083384
26.688907710071714,1.1996625542589048,0.26938816327461246
23.04807229263452,1.182981537747507,0.24574247367211008
23.53862384870591,1.1546771950672725,0.25872947350105224
23.222818227283394,1.2696387447456714,0.4474547212654363
47.467601096195416,2.4924332888438614,1.4635741494122985
25.14556488383448,1.2088406886291847,0.2324462816895989
22.507149650766888,2.5815164357215354,0.23387710216282148
25.811370477339516,1.0858310885866493,0.32409330308592454
24.849285671652588,1.1806340540720281,0.3273632398688983
24.28315585940077,1.1283177679397194,0.3274441917658682
22.277309013875207,1.013346338292694,0.28725221032231507
23.269686008295,1.19173193141573,0.29372728699985495
27.26617367747727,1.1878252491616716,0.31639397620796783
26.502751562873144,1.351344974324213,0.3042946503146665
22.067334265604348,1.2630811684554777,0.18903498136262323
25.297996916287676,1.0975813175670794,0.2885100184712403
27.254161370115366,1.3854092566334189,0.2574296782869843
19.991784156635884,1.3221033695525353,0.3087605709454256
26.630080577139804,1.2582097703468615,0.4492629501301705
23.01212872316246,1.1773515901150167,0.3183740832737152
26.711796005779476,1.104056076327652,0.2843235156913801
22.710222530372448,1.1627793223928946,0.3460900750988626
19.585353698006443,1.3088748619704185,0.32413439436046065
20.117372686350514,1.388458630593461,0.32100472452259204
25.144254839984146,1.3543243528272189,0.33034252966078353
25.779167505164445,1.1511150578213725,0.40282717824147707
22.287050124686775,1.0880382566710989,0.2434555782337042
26.915777376332123,1.2140886246911204,0.3236816038405727
20.01543981319312,1.023156063443715,0.2536809435009231
24.80176060405805,1.2323167714184782,0.3277756323171124
21.36695140071263,1.185239741370133,0.2540656744256953
23.044491676593523,1.1533963498131756,0.27913165931974576
25.142196013949242,1.0405296932733203,0.2852455042881047
22.418759904148143,1.2513600106569716,0.3487908359672354
23.846333367310525,1.146729916033809,0.34592272219712067
28.018878427643322,2.5403374047325187,0.23771413117768075
23.269324391430555,0.9127737786718351,0.30274670554999245
27.507076336195425,1.1972485094949363,0.26452100726254135
21.610879436027147,1.3772251596669745,0.23707475446623327
26.589412533745847,1.366125921454787,0.28914914747878145
29.3247058619737,1.1542903743413728,0.284575860577209
17.585066499618133,1.139778793963822,0.4213358243172761
22.60931423358857,1.2468774256075024,0.3216479912680348
26.73121638154162,2.27353994257835,0.23111912496228812
24.39086384187102,1.2301791899819465,0.27176129979145286
26.113437620113928,1.276608027838469,0.35106916477146993
23.18804443985254,1.3226933223884307,0.40442213864349624
25.259769362418698,1.1899845923520047,0.22070083438810206
24.53296829382376,1.1796326249823035,0.20600378074304773
28.50334618497942,1.112201741324344,0.3935482587685891
25.76326252990364,1.117311964596014,0.3194807088685452
26.012807986225607,1.1773521108098473,0.25658536340618165
23.764369101632596,1.2367365506816177,0.32673145430612177
23.53718132778252,1.291358462623325,0.1682126130491561
23.702325436541138,1.1196821049319654,0.30016877532985803
26.18335642713489,1.349268856895952,0.3163910586421543
23.737046557539212,1.172887639895743,0.34621350697689146
25.869324570689237,1.1978632705651564,0.2493052023853731
31.226202395936316,1.1252788320852176,0.30428435807016796
27.613374110295076,0.9575759739727058,0.2537287686970206
24.021929403496475,1.288404539636105,0.3127691877837158
28.603641766491833,1.2736843897092434,0.2552326838818488
23.775773880935347,1.1718672442881786,0.279594958041989
18.88562639446644,1.2066990717224872,0.2502092302604885
21.97574106724779,1.25159392177041,0.3325568120911828
19.387624236922434,1.0437454143113456,0.34292255583283326
23.945459547876073,1.1470947322653704,0.2882689715021293
25.055255137568654,1.2794264679621827,0.3019118997480014
30.02931193682585,1.074571057683075,0.22757042926832277
25.98078212129249,1.229355793216663,0.28501616759966064
24.34269841357341,1.0643418195376595,0.29748976914791275
27.488216743550467,1.2466429982433527,0.43103965455149873
18.366594072976344,1.1964358517702516,0.2444016487112918
25.706843674325697,1.038486818409449,0.37320886193762187
27.3125955816609,1.3164739354457171,0.3498429386732904
20.564241262660474,1.126540842320195,0.3140318202245068
28.431262129620787,1.118974756298562,0.38793102420975667
26.015489222483243,1.2200569197230942,0.31860527363034313
23.754136258297596,1.3148637349428716,0.3194579597833964
26.898345598318855,1.0984178181021602,0.2973439673491227
31.81207857341319,1.206167984984797,0.36117844412093136
25.545598765175484,1.2428816500330573,0.3548234616905442
25.744661758901007,1.2693105607263144,0.26871613562518937
23.621917301379266,1.2176441555277224,0.23403764027006163
22.450466891605625,1.1632972160916677,0.28985096813021716
27.491007449632736,1.117240977935128,0.2599980717801177
22.4317485222734,1.2086143883046374,0.2968237712692322
25.214698711658176,1.0927860988014393,0.36187190673420694
23.56702765970465,0.9078649516505393,0.2771349172456605
26.436939477239175,1.2436559804157667,0.2978588309344212
26.000986315860846,1.2903934841086195,0.30290113674041974
28.112619832773696,0.9637067564458162,0.3424215441102642
23.469950803435758,1.0990269295290063,0.18765553330076973
24.190375194119888,1.2619154261005197,0.26966498526173516
22.06370885265308,1.4057495469711698,0.3105641846139736
23.667120219771665,1.2020793707675408,0.36000394782134304
26.131901479134555,1.1271997058770866,0.27540487762468974
27.270965849936054,1.181710355889516,0.20617236469790629
22.233504027467124,1.3374876419148185,0.33098557229830683
27.60881776031698,1.1354035820875463,0.2682318805587185
29.066913576414855,1.1200807993349746,0.2405166670454819
26.240304709671104,1.1517256477817968,0.26878273051433876
30.630387437674198,1.1046671391741287,0.29077373211720753
22.67863240268928,1.2122670315994795,0.26976276677308936
21.266035890065748,1.3624678458469561,0.18972169714504653
19.663839253287165,1.2323079273116029,0.3448533098443566
29.48813293446755,1.1747646497873712,0.3637437520639361
26.963096969062175,1.1708188731084455,0.33257609956697526
24.833245987268636,1.0436809191303342,0.24311571647875915
25.83990587895946,1.288310977714716,0.2899254233026241
21.62353285810487,1.1922162802987197,0.29967393423852706
32.337255938850475,1.1819520086409374,0.32993971947809553
25.387663545925683,1.5193107567844861,0.33341702443590404
25.32818438381468,1.2298752908365687,0.2632913100610752
27.177299871696075,1.1248208949904814,0.304099777820678
26.44302769521014,1.1573642403794455,0.32286402023076205
25.671652072837393,1.3148445709196754,0.37279111610733834
22.628576633664064,1.2113270410537764,0.33522532699123614
26.414405071407987,1.0561722021682634,0.33945283436877594
30.6460734894251,1.2919228934575204,0.30419133139646803
29.036260138464932,1.1331855914461006,0.3705229572601752
29.77955987991819,1.3873297776217546,0.32048813979797486
23.466352970706446,1.308004806571465,0.2569456044913215
22.031185539224257,1.1552678104341247,0.37016849850625955
24.622639239701055,1.3281016361735112,0.3348951636269514
25.167174736866084,1.2067855510527403,0.27784779894357586
28.282574555412847,1.285277367512222,0.27602535163003783
19.92260611085554,1.2484732817294475,0.31482877725703806
29.58865095838184,1.1153643345009125,0.32315923976337924
24.525976304263033,1.1356450167682537,0.3098646132815603
23.71935679015774,1.302996081758116,0.31556543367214424
21.963686874219498,1.166522466789346,0.384997868728819
20.03542998440269,1.1596351536758003,0.3535771576117443
27.469511751885744,1.1044877420650647,0.30953177956325123
25.219953901565212,1.242359906559346,0.3470655290383742
21.13011730077684,1.4062524919243145,0.248373804823623
21.11476368380915,1.0932467085745727,0.31989635249734044
23.992645902129617,1.2024219456672758,0.39046531748665547
30.007064575868178,1.3412220555415428,0.2890977052303813
24.221225945909186,1.1920358608754285,0.25761830356904575
20.49057114064568,1.2452371796249733,0.26739555557034694
24.262770807742168,1.093760647185312,0.24551834813288057
24.181829290756987,1.242830709720765,0.2607619045936148
16.909340071175286,1.181285573499545,0.28147459507049855
24.837115400446564,1.2985729995679862,0.2297216490410679
24.307196409373965,1.3187386051564751,0.30078091669748014
27.088619094440254,1.4589563642018613,0.34511385868933236
30.546868284836037,1.2579633173213576,0.254612190992654
28.379695088643274,1.2325796316582167,0.37596419618208843
24.19333392833551,1.2194384301577335,0.32553960442637975
21.68042227377499,1.164683370718931,0.3515290292812029
32.72007940974958,1.2338483843461692,0.26710827230739315
25.177655302043465,1.170459858986097,0.3427262613533308
25.041787875738837,1.2168460976269613,0.24540330498023433
24.92762473866999,1.331759753560796,0.3445123750418254
25.594254282303567,1.099345743472036,0.30859196698967656
24.566918764228173,1.3139878561129046,0.3276625609992392
23.27901397935929,1.3317115067339864,0.2412202697187574
23.359423176278824,1.188193147300892,0.25524650788616976
24.901740189352005,0.9878145100991405,0.32986141091266924
23.369725686598706,1.1392178012905567,0.25258259978878994
22.86146265196851,1.329699454656111,0.32316031460495614
25.31929068307569,1.1977131937701118,0.2316431096769877
24.235068347737435,1.1000697767705088,0.3424087106333334
29.511978965748064,1.1495225078771782,0.23837383426157455
17.047090574820963,1.2840620026504552,0.32761499688397616
28.274520555767385,1.2546733568201378,0.33128154668230003
28.738255577492886,1.1761067900830304,0.26516140907852126
18.779829302775553,1.1633175588185312,0.32910132835423633
23.971937217758953,1.1608241850956178,0.3130221131666778
23.885677402012625,1.1077589815501496,0.27305790719036305
20.777464915846537,1.3615375689469442,0.24957226579618957
22.666549937227373,1.167767953078866,0.20186871541637103
21.668272463602513,1.3217158520825496,0.31748250236498465
30.256811330270867,1.3521316051922452,0.22175986143189724
27.807035179442384,1.299831089814796,0.3047672099720654
28.814665284982475,1.156837968728195,0.2868275891958875
27.165016192129706,1.2403730090336609,0.33395713877190975
21.61284468634831,1.1975804393609084,0.28489772502550675
23.42643920116068,1.1096298139269871,0.2835276106826454
26.468123683683753,1.2324359281721602,0.33659353521441476
21.333616573324164,1.0820960208840198,0.31675290145420587
27.138995290517165,1.3187679388461564,0.31580779785913893
24.279023805525593,1.1535382702701606,0.3234633794904263
23.875537577351206,1.220115965587284,0.22322139383964468
27.132879904610476,2.4150468190226206,0.33783943399934907
26.33278993445812,1.1741095026295922,0.3306234397006801
23.91710150254276,1.2586693801475275,0.24916584357117513
28.477989410092743,1.1525096343377474,0.28779597631628995
59.71399253050384,2.725151849002546,1.2207483984397371
26.84780682083279,1.065402031975325,0.29327516077991334
26.779303773905152,1.2126379579546411,0.31669299832842673
24.071360682058028,1.3938928999058284,0.3715683390915592
25.978399066726354,1.0999668675394425,0.35408833638364146
21.24665927084409,1.1322255029475148,0.23438904032842967
27.772081057620703,1.2513907849658914,0.33110349951530244
24.44529359067103,1.2179581781939597,0.36644666597677045
23.431830938442882,1.2350630099273558,0.3193404260344601
28.147027677510668,1.2489187130147663,0.3545490212592983
22.886968928371722,1.263472146856177,0.40061352228503827
20.77461611090932,1.3109699841956224,0.35118547730534905
20.330112479428287,1.2409818656928513,0.3124654297820864
26.81802985403692,1.1758742345381457,0.35225442370423765
21.15871194251115,1.2672573701202732,0.3072443916548446
30.264382545953094,1.3899881934895215,2.4466531983532107
18.754211776348832,1.1867366253617426,0.28242928821431335
30.089369104870116,1.1025470695329358,0.3781706679416054
25.633052401607856,1.3107080669286972,0.2590785667028999
24.709860664388824,1.1879618836046402,0.3766183862339058
23.36524273957315,0.9827330453985963,0.32499320618701855
26.197408343056214,1.2847421677150421,0.2300346912599029
24.887095892725455,1.1464671814046077,0.3183824646495711
28.309905646049565,1.1909466717695838,0.19499867461741877
25.34268294598612,1.2331980330569015,0.33127540084155177
25.450905284385634,1.2190499679779065,0.3442615741494495
23.90916336335843,1.270945181713904,0.2703822022173973
24.829163128836797,1.1564513629430155,0.3061773847977791
25.923405306676177,1.2513105798176083,0.3977078716875143
19.869494822030124,1.1740453322416082,0.27471266478690315
20.955443733682863,1.2738810480887504,0.24705462064716996
27.229792282068146,1.2615367484013054,0.3740831701231299
25.512596314383824,2.505166974504492,0.3981293595265397
24.448049990941964,1.3085982116175032,0.30018478359239237
25.05530179919618,1.1464036554885952,0.3505731517704178
26.042745116085012,1.2808057798281145,0.36707379577654403
23.380720959071915,1.236728731340134,0.2628757883730808
22.665085823793063,1.3838183676795122,0.27573470823160656
25.587535765293044,1.1776534017628146,0.36154372565773674
22.064881667154904,1.1650683203881802,0.3842507139354255
26.224758267143415,1.1980580394112268,0.32814404300871775
19.89224918728648,1.1696820217165724,0.2560092823248973
28.087466911976932,1.279994190194205,0.399353055584972
26.41779244723913,1.038368939156341,0.2734514551094018
25.768089202941628,1.0946317580853646,0.2832431109414274
27.948072951836544,1.0932197078420807,0.31711689172448104
55.860251264927854,2.3315140275912674,1.3908577219281493
28.043110195054393,1.3710613372581926,0.3426987988276112
19.477377306005064,1.1895550781462527,0.3207432750180955
21.161269099792896,1.1831178276809988,0.3231644265059053
23.125544266912964,2.4634938128512873,0.3021757334321733
25.0782731506325,1.316187830260819,0.3279069757259253
58.677928999653844,1.1072646865809426,0.17352199611528482
22.822768560539604,1.2238368982734784,0.28516962704651005
25.560300293431236,1.297519762978243,0.312066096745839
45.37109249923358,1.2501094169939844,0.24244929581902464
23.165446591024157,2.4807515705998715,0.319316165890578
20.78001670945533,1.3001046092567141,0.28977643895069394
22.23030026166729,0.9296767707000761,0.3877737849157745
20.944946183151,1.2677875319530907,0.3786509862607428
22.072380241068004,1.1345924316872575,0.27670972154409185
28.160925389823518,1.0169367103143543,0.29245811442166525
22.15180333350417,1.251120259952498,0.2963026217195804
32.897146194512175,1.3373658545162956,0.27741702619201886
26.479953702642668,1.1862551485372308,0.30975124920140634
25.554508371084623,1.295287454720294,0.2620858965556205
22.42492665945636,1.3612278257988646,0.24346923325312367
27.100929638226972,1.3314914453584046,0.3311355611950134
23.27308652128668,1.3639964529371393,0.3314764792110905
25.366029443936085,1.274212749107189,0.25978421201700036
32.68025361480638,1.2075433638901591,0.34476777153813
24.71182030082605,1.0398034188102832,0.2684211135417334
48.622739704045856,1.1753937511870052,0.31265826190189905
22.89047072462234,1.1156753404683808,0.3410172006306228
24.895034528509115,1.4170942717497814,0.2983193717648143
30.31240190690653,1.1824114187567663,0.32273704560705674
23.119098826636698,1.2123204806784484,0.2741785178056214
30.437345673990787,1.2551485376040468,0.2901766708285951
27.123255806366426,1.2043602446372452,0.28970702845598295
55.35619673818107,1.3695051040430752,0.26267108267298805
26.897223217166562,1.1377350638265549,0.2911612918442109
27.91766334888019,1.2194607455237243,0.22256908505681267
26.86542988665159,1.1257529414301952,0.27544231264289476
20.28932584032863,1.0679977488779293,0.28575622533151646
22.818588472525395,1.1388230909094714,0.287191012375231
24.257444093345487,1.1962963202951586,0.28792512770646106
24.776699712699862,1.157069777548274,0.2969117900069935
26.862016292652033,1.1307579020126144,0.3239720759043032
25.533103002799763,1.0593682536328166,0.3437258537066261
20.993966923869696,1.1916894427371305,0.26751173865758665
26.14059355301789,1.0495279625968998,0.23983995723054277
26.83175723585147,1.2760055963689603,0.24789777938784485
26.679371343793118,1.2082439752934502,0.27563985394025364
28.242342176663865,1.0542448500535069,0.2824039341091745
27.50176646364671,1.1690790922950136,0.26150019669012714
26.37754023768531,1.1247843594409417,0.23519416678750527
24.78950286562406,1.231917451041918,0.2771939586262906
20.017117199452024,1.3340450446023144,0.30907133100569856
26.288854657397756,1.0124827530354255,0.32975147329177823
25.623063061489333,1.2115026079147417,0.2721288473445839
25.81473651158612,1.1839867204433359,1.4180379157096952
21.169754272539073,1.2671340076450466,0.2536650845576345
21.756830378775213,1.2213196628237688,0.2984280414812612
28.15945855999871,1.124803066826118,0.2575785682904593
24.881334538430036,1.1680946064333382,0.32865639066206
27.044502092117874,1.1203974143196511,0.2107066754032944
25.084955128391382,1.3076007138598598,0.28201851637737685
25.089268418487237,1.2021311648671942,0.3150553669595871
27.814851417927994,1.3901190685753007,0.3091917258161252
23.45186581534788,1.1939339186185378,0.4346516831990248
25.28836233082295,1.1291593233089536,0.3174900012283954
23.613174133884872,1.0486285607387171,0.2497972701578995
23.696511317703052,1.0196860323744055,0.29522678764554633
24.072483629594082,1.041586405699451,0.2111876833266774
25.666401314901137,1.2267126651011484,0.2959700125351619
23.563754135009567,1.2508725023229934,0.25834719714996207
28.767268376720562,1.0418809297967866,0.3457695137780081
22.316178093341488,1.2895038314076115,0.27252298627022326
24.43938506751592,1.151693894831656,0.2941617042102377
23.680806825177477,1.2146793011985548,0.2682221079297798
29.3409336530612,1.3612220628255425,0.38694256759266654
25.589664329534724,1.2896839315865531,0.2839378616941044
28.095533618405906,1.1731469352094168,0.39162785217396007
20.543318880889082,1.1108807774584712,0.34070758810591334
25.801150797607775,0.9848184598670695,0.3241033363667693
27.66889238687031,1.128084668075758,0.31843665736587595
25.246851967826274,1.1788869761172305,0.3196898649108126
28.196441125196053,1.1012820472848817,0.20361637103271948
23.448134649698883,1.1868743032907694,0.2860558302924622
29.22804232055674,1.2076851882958768,0.34225789855921607
31.89669437085775,1.177514401819192,0.2975551408262947
23.911484318681023,1.134999741917654,0.22974050765982124
23.663492435797686,1.2168654671966728,0.29737977747112654
29.360153431353105,1.244194064956941,0.38520527581277453
29.73871643719214,1.0909600922557154,0.36234458577673595
23.431419918540193,1.341093237974627,0.2968997995316984
23.73943954871243,1.1901411867715739,0.3475724638529043
24.154646173418477,1.2018849622944847,0.2816746489815974
20.96664846689717,1.2708214423256556,0.21480642065866404
22.244044160547404,1.22332161312635,0.25377670059352225
21.987577699743795,1.2953136633913245,0.3781444384254099
22.696607304687614,1.2287124165201824,0.28630034590853476
24.895945337839656,1.1387562625359562,0.2878308010312491
25.702644197609562,1.2361503525206101,0.28500809018625595
29.65150147844223,1.0856273792679338,0.3952068294786503
22.004937877783625,1.2108559705776523,0.38129794576810316
27.95296719542975,1.1966770009355538,0.4109390116724067
24.358033467323473,1.179188314272746,0.2920477394799974
24.8516088710427,1.1871462488561069,0.31478122443735473
27.02445847649981,1.011815095450236,0.22416787252896042
21.631833935313104,1.145127509225904,0.37384672130591373
26.147229238552153,1.2092844901141113,0.24161102243660323
25.49935662463917,1.21598563919974,0.31083877818813144
26.47735379202445,1.097232485907404,0.24513487361835778
25.867505931723453,1.32657078408647,0.27055665866306516
32.36590041973268,1.11338251517855,0.258136878447515
23.08678004724605,1.2969457200526737,0.2696062369662091
23.407009134994546,1.2427194361871685,0.27304386484255105
23.13057842072571,1.1353772690156196,0.2725865602537461
23.333568642519236,1.3775310892609511,0.34166669558901536
23.087838618080447,1.080636316824352,0.244756860346874
28.567049593322654,1.2919154173610001,0.31102707135069335
29.261512743969565,1.3000582318042977,0.36089795761527793
23.287761118751572,1.1329379790923355,0.27434018177433017
22.502933280687316,1.339246530006433,0.2641040554626199
26.414246669159212,1.1749953485401048,0.28847376874098746
23.343330867157086,1.2288693629279857,0.3589862604180355
26.898795453266533,1.226032183877122,0.30970538154766786
25.6087690625539,1.1865691258529452,0.2734392852696201
20.452767655008305,1.2810808273159782,0.324193832559402
29.642515603990184,1.2793488720552213,0.2448853925081788
30.387633019286564,1.0251468026761819,0.3340679755221474
23.16163392854684,1.3304340242878152,0.3204303653850884
23.83689532019205,1.0337508011964325,0.2846095764430558
25.857596172174716,1.3032546204341657,0.25807071007763843
26.003370369961075,1.3126705136827583,0.25566595388582714
26.97563281801849,1.09090335697848,0.3267408668172955
31.03061361629905,1.1589185712045416,0.3614490251244531
24.469158317517852,1.0894295331514063,0.26813461264856026
22.60510826638464,1.1785078969711265,0.3229193351775742
54.4048476045485,2.2897254821631963,2.047339314144188
22.80720988017424,1.277966053226934,0.27076911346714
24.900619081378608,1.3310308746119608,0.2984470533564549
30.383673590553364,1.3395683810789956,0.2545158291509083
23.447166102891487,1.1437831973421697,0.2531746812605202
25.671363854916695,1.1790778126255472,0.2666110221765557
24.950731311781745,1.031656180777905,0.31460963641631867
28.56517982034425,1.1194129933503811,0.29063354907968125
32.58079727762087,1.2964851633097458,0.18808843833375138
23.40739368123904,1.3615582823548231,0.19396499236824666
23.531681672445334,1.0765651128120077,0.2696567411071412
28.132482631207218,1.1407535740847106,0.3228843293026776
27.045674468878936,1.1973594243041072,0.16262475786373826
30.540121977208102,1.2280161158819607,0.27501349119241847
26.751784555977892,1.1190396480078353,0.27368760717412893
23.922123727638823,1.242406104446409,0.3694168889104224
26.77196449207693,1.1526160652929083,0.2807489094143568
28.326110741748725,1.198554772912172,0.3191494492370464
50.92472510566807,1.2546284248003698,0.30706285700437314
26.521822093321894,1.2006422269810937,0.19347167600963994
28.200024068767462,1.156361410947343,0.3384103608315869
28.50788677133702,1.189039019607417,0.3107698252728144
29.14647697311258,1.1911637040794665,0.32541343198372946
26.94612966276893,1.1629988970117873,0.49631188532181636
24.498645759049438,1.1741203937332898,0.19579435302507056
25.440141059299968,2.941052404473291,0.3862348324880554
28.61952689952507,1.256091944794124,0.2856276240299822
22.549192987038293,1.170451968197084,0.31436644522015045
26.106019926618703,1.2696954404510734,0.29772438773493787
23.819983563017917,1.1666180510243989,0.2787881833300978
25.086234468804452,1.3173124637586642,0.271508353588062
28.835355587821894,1.2369642192198094,0.3164754367786504
25.57329720405971,1.189269785599577,0.22414131516641603
25.139309644468447,1.2447716925810277,0.33752895837608826
20.920431577060242,1.04291238479315,0.2791902797557373
27.238760698081663,1.0873232531090193,0.2434965330479821
26.936452543423226,1.0806074993600945,0.2774993571002093
31.48976416991638,1.2142943094763707,0.36285746084312864
24.076665295140998,1.373251499948509,0.2732332456491888
25.65745098299182,1.4231300146192631,0.317922680910481
25.748151051132265,1.2638051101440757,0.26345218621422634
29.732359839290424,1.2500844474944457,0.33789609249618097
24.714113402839143,1.019894226584726,0.3342753869395102
25.83706457731102,1.1457326200265978,0.39243044166482055
26.82368952914962,1.121221624809176,0.2912218027250392
25.559827369469076,1.1379152401748884,0.3334327402378953
23.660699156348414,1.183185618141521,0.3049033769769472
25.582269978694924,1.152790942230287,0.36479358909315074
28.220895249579314,1.0020700189624212,0.2640583806195635
21.92045410176682,1.2747910256117534,0.33725026564386407
25.398909022440627,1.0927256974260193,0.2902651351941659
22.89963755518248,1.2239246864111148,0.2967905911445751
28.585139886774527,2.0142970568632834,0.30458762422241864
20.430439285648674,1.1080615408413577,0.31261201982133385
23.323234458185233,0.9469712477253669,0.2941885478439021
26.131635625193564,1.1713995778119888,0.3107356591585263
29.69657208770302,1.310095963499857,0.3789059028781092
24.802749216781038,1.3958347454220594,0.3492724842807609
23.334401419920404,1.0770450405547582,0.34345772962484483
30.64347120832177,1.249669922323652,0.27722302369880647
20.65595829875127,1.1534689543219947,0.25553795858858375
18.403582130139753,1.1894051645695864,0.3477650279118876
26.32004335016,1.4644343347017035,0.3438023396264897
23.493837326942167,1.0497029671604845,0.3736335337875491
21.93630154860786,1.2253739661494574,0.2698009687015385
27.12506934189806,1.2467693171765433,0.28852256723198266
25.731402141313595,1.3085786324939346,0.21802579187372828
23.307764107789815,1.2097983153470895,0.28037644469695633
21.159086803987318,1.2308050539504103,0.34982852552897237
27.617371984840435,1.1608351432578208,0.2766752310385901
26.950603533875984,1.2269126941245108,0.33202398976004116
24.70247240866185,1.165680772450259,0.2904748447001094
30.539910988143,1.2621571889856051,0.316202851411078
21.78974570102154,1.1630389663956366,0.24261543050921663
20.423424487225784,1.2377100393902185,0.304260472481695
22.924275790356266,1.1970737186315021,0.15044320145496382
24.863241950933507,1.3126050250772168,0.29065519209190077
25.730018347968077,1.1948606276411513,0.21847633781424297
24.27629182643101,1.0226967531793119,0.3602997258273408
26.05616618954289,1.3261921500713991,0.33887036763822553
21.24538172742867,2.825576468714923,0.32333354909830403
29.331293812219776,1.134623366135118,0.376050311357969
24.753546464822293,1.1404338705956507,0.2525541739587581
28.351887494764384,1.3374438093170817,0.3873681598957779
26.02817603913311,0.9864325786021304,0.34660957821301924
26.37025965746135,1.5137748533659994,0.2881722356390527
26.70930184069661,1.3056056809066052,0.3567810073591472
26.343125680051944,1.222323891412916,0.24468532437941828
26.92816827960263,1.1945105999383714,0.25877429192361634
28.987457590397295,1.2285554074857656,0.26957051383801495
25.589563509104412,1.2521122428379339,0.2735511145967992
27.127011272765536,1.2645215585950056,0.24717211786198734
24.73079291713832,1.2555604466003447,0.36115415335476625
29.32035164634842,1.2089580681255248,0.28705727998150843
22.97082309382219,1.1802661579692673,0.31762524841784395
30.402821298732448,1.1848726716346487,1.2572686950043939
24.87952614806697,1.1805091719647318,0.20896983497257413
20.707674693645856,1.3133770096867063,0.3135028679195711
25.38431324473237,1.259355672228086,0.20438725122901114
22.95684502757536,0.9059611365335719,0.29656829769572657
27.521930646966172,1.265590077652976,0.23158424805835948
23.04212806209283,1.2194736194718774,0.39936379996154037
23.66144970035566,1.1981291243554102,0.34556813610873605
19.331377807163406,1.1611481546911113,0.305287689563574
23.64308104225277,1.3124112719986014,0.36318533388273344
17.72836202011313,1.2947526462122858,0.2576842011267132
20.24829152954283,1.1227122332176391,0.32717396893350464
27.281243968432893,1.2407052287124534,0.30999052168593566
27.357400475952495,1.1028343265458713,0.3132010040666835
26.276372685354893,1.062038183521107,0.36361767500533837
22.09907157061236,1.1373282775410034,0.3366246051389901
56.54990916768053,2.372326090063692,1.6378964830679952
24.989192382728294,1.2953125045376086,0.21725562818858518
21.52490593242237,1.2513085420097292,0.2519976852360268
29.510194905301454,1.2725095786847997,0.2938645533202138
27.632086871727015,1.2516178287114959,0.30466861871383255
24.337107478511008,1.1358518404777047,1.3569832700485143
25.080657516983592,1.2431922544673941,0.42058383377892106
25.625148423842656,2.8670972320224224,0.3758197027626786
18.87479539472713,1.2754291329813574,0.33010591601962413
24.25846785243821,1.3188913371474642,0.30360184306418725
22.954047256006604,1.2708303847201063,0.2893895515049424
21.995139970315254,2.458968579608486,0.2524040769988882
24.156699121342136,1.3070150238316427,0.3038740259259431
30.393059580548567,1.197347874075094,0.3128876270071375
26.92252858380103,1.111812534877228,0.23791197122591878
23.28646303065161,1.1836933036056236,0.31670882086224483
26.717748344068475,1.125509735519355,0.29223704755876256
